Ref,Val,Package,PosX,PosY,Rot,Side
"C1","100nF","CAPC2012X95N",143.820000,-143.000000,0.000000,top
"C2","4,7 uF","CAPC2012X140N",140.320000,-144.500000,0.000000,top
"C3","22uF","CAPC2012X140N",149.000000,-147.605000,90.000000,top
"C4","100nF","CAPC2012X95N",145.820000,-165.000000,180.000000,top
"C5","100nF","CAPC2012X95N",126.500000,-164.500000,90.000000,top
"C6","22uF","CAPC2012X140N",142.605000,-158.000000,0.000000,top
"IC1","ENS210-LQFM","SON95P200X200X80-5N",146.500000,-135.500000,-90.000000,top
"LED1","Green 0805","RESC3115X65N",135.000000,-157.000000,90.000000,top
"R1","4.7 kOhm","R_0805_2012Metric",130.087500,-165.000000,180.000000,top
"R2","100 Ohm","R_0805_2012Metric",125.000000,-156.912500,90.000000,top
"R3","100 Ohm","R_0805_2012Metric",131.000000,-156.912500,-90.000000,top
"R4","10 kOhm","R_0805_2012Metric",128.000000,-156.912500,-90.000000,top
"R5","1 kOhm","R_0805_2012Metric",138.912500,-158.000000,180.000000,top
"R6","4.7 kOhm","R_0805_2012Metric",147.000000,-132.500000,180.000000,top
"R7","4.7 kOhm","R_0805_2012Metric",146.912500,-138.500000,180.000000,top
"R8","5.1 kOhm","R_0805_2012Metric",149.000000,-155.500000,90.000000,top
"R9","5.1 kOhm","R_0805_2012Metric",149.000000,-152.000000,-90.000000,top
"S1","EVQQ2B03W","EVQQ2",145.600000,-169.500000,0.000000,top
"S2","EVQQ2B03W","EVQQ2",132.500000,-169.500000,180.000000,top
"U1","STM32G0B1","LQFP-32_7x7mm_P0.8mm",139.000000,-136.500000,90.000000,top
"U2","AMS1117-3.3","SOT-223-3_TabPin2",142.000000,-152.000000,180.000000,top
"USB1","TYPE-C_6P","USB_C_Receptacle_GCT_USB4135-GF-A_6P_TopMnt_Horizontal",156.000000,-151.500000,90.000000,top
