"Reference","Qty","Value","DNP","Exclude from BOM","Exclude from Board","Footprint","Datasheet"
"C1,C4,C5","3","100nF","","","","SamacSys_Parts:CAPC2012X95N","https://datasheet.datasheetarchive.com/originals/distributors/Datasheets_SAMA/86a3eaf0882763ef32124d5901f9b833.pdf"
"C2","1","4,7 uF","","","","SamacSys_Parts:CAPC2012X140N","https://datasheet.datasheetarchive.com/originals/distributors/Datasheets_SAMA/7c2e9fae61a8ce6685f6522ddec12c79.pdf"
"C3,C6","2","22uF","","","","CL21A226MQQNNNE:CAPC2012X140N",""
"IC1","1","ENS210-LQFM","","","","SamacSys_Parts:SON95P200X200X80-5N","https://datasheet.datasheetarchive.com/originals/distributors/DKDS-7/120704.pdf"
"LED1","1","Green 0805","","","","CRG1206F470R:RESC3115X65N","https://lcsc.com/product-detail/Light-Emitting-Diodes-LED_Yellow-green-0805_C2292.html"
"R1,R6,R7","3","4.7 kOhm","","","","Resistor_SMD:R_0805_2012Metric",""
"R2,R3","2","100 Ohm","","","","Resistor_SMD:R_0805_2012Metric",""
"R4","1","10 kOhm","","","","Resistor_SMD:R_0805_2012Metric",""
"R5","1","1 kOhm","","","","Resistor_SMD:R_0805_2012Metric",""
"R8,R9","2","5.1 kOhm","","","","Resistor_SMD:R_0805_2012Metric",""
"S1,S2","2","EVQQ2B03W","","","","SamacSys_Parts:EVQQ2","https://industry.panasonic.com/ac/cdn/e/control/switch/light-touch/catalog/sw_lt_eng_6s_th.pdf"
"U1","1","STM32G0B1KETx","","","","Package_QFP:LQFP-32_7x7mm_P0.8mm","https://www.st.com/resource/en/datasheet/stm32g0b1ke.pdf"
"U2","1","AMS1117-3.3","","","","Package_TO_SOT_SMD:SOT-223-3_TabPin2",""
"USB1","1","TYPE-C_6P","","","","Connector_USB:USB_C_Receptacle_GCT_USB4135-GF-A_6P_TopMnt_Horizontal","https://www.lcsc.com/datasheet/lcsc_datasheet_2012031006_SHOU-HAN-TYPE-C-6P_C456012.pdf"
